20,"bustier crop tops", 6\,287 
21,"crop top", 163\,736 
22,"vintage tube top", 927 
23,"short tops", 163\,722 
24,"short tank tops", 27\,609 
25,"vintage crop tops", 1\,916 
26,"bralette tops", 10\,777 
27,"tank top", 1\,999\,799 
28,"tank tops for women", 775\,912 
29,"halter crop top", 11\,437 
30,"black lace crop top", 10\,043 
31,"cute crop tops", 13\,774 
32,"pink crop top", 22\,567 
33,"turtleneck crop top", 834 
34,"black long sleeve crop top", 9\,872 
35,"bralette bras", 14\,347 
36,"belly tops", 18\,601 
37,"yellow crop top", 7\,045 
38,"white long sleeve crop top", 6\,603 
39,"sequin crop top", 2\,637 
40,"crop tops for girls", 33\,826 
41,"crop tops online", 2\,970 
42,"bralette lace", 8\,168 
43,"grey crop top", 22\,069 
44,"long tops", 333\,680 
45,"blue crop top", 26\,702 
46,"wrap crop top", 2\,344 
47,"denim crop top", 2\,145 
48,"green crop top", 14\,380 
49,"women's tank tops", 772\,351 
50,"high neck tank top", 96\,900 
51,"long tank tops", 60\,648 
52,"womens crop tops", 139\,118 
53,"black lace bralette", 4\,938 
54,"long sleeve black crop top", 9\,745 
55,"crop top dress", 31\,715 
56,"strappy crop top", 3\,383 
57,"navy crop top", 4\,657 
58,"lace tank top", 41\,363 
59,"orange crop top", 5\,193 
60,"tank tops for girls", 197\,511 
61,"bustier tops", 13\,880 
62,"sparkly crop top", 232 
63,"cream crop top", 1\,884 
64,"crop top outfits", 8\,238 
65,"crop t shirt", 74\,427 
66,"crop top and skirt", 9\,516 
67,"racerback tank top", 47\,649 
68,"high neck crop top", 6\,587 
69,"push up bralette", 1\,863 
70,"glitter crop top", 595 
71,"crop top sweater", 16\,085 
72,"sequin tank top", 5\,974 
73,"white lace bralette", 3\,078 
74,"strapless crop top", 3\,233 
75,"long sleeve lace crop top", 5\,414 
76,"maroon crop top", 482 
77,"midriff top", 5\,105 
78,"crop shirt", 131\,216 
79,"striped crop top", 5\,572 
80,"navy blue crop top", 3\,593 
81,"off shoulder crop top", 18\,227 
82,"flowy tank tops", 26\,467 
83,"black and white striped crop top", 178 
84,"sheer bralette", 2\,453 
85,"cute bralettes", 727 
86,"crop tee", 93\,063 
87,"ribbed crop top", 2\,265 
88,"long sleeve white crop top", 6\,607 
89,"short sleeve crop top", 25\,972 
90,"long crop tops", 18\,345 
91,"crop top shirt", 114\,139 
92,"muscle tank tops", 89\,016 
93,"white off the shoulder crop top", 6\,839 
94,"black off the shoulder crop top", 8\,022 
95,"lace bralette halter", 778 
96,"workout tank tops", 119\,535 
97,"cute tank tops", 150\,121 
98,"knitted crop top", 3\,021 
99,"t shirt crop top", 58\,208 
100,"formal crop top", 1\,794 
101,"victoria secret bralette", 790 
102,"leather crop top", 1\,549 
103,"loose tank tops", 118\,845 
104,"black and white crop top", 4\,358 
105,"pink tank top", 84\,480 
106,"beige crop top", 6\,164 
107,"brown crop top", 2\,804 
108,"loose crop top", 21\,550 
109,"cotton bralette", 3\,054 
110,"metallic crop top", 532 
111,"lace bralette top", 4\,380 
112,"halter lace bralette", 742 
113,"hot pink crop top", 807 
114,"burgundy crop top", 1\,063 
115,"tank top crop top", 48\,245 
116,"crop tops for women", 139\,459 
117,"party crop tops", 18\,707 
118,"going out crop tops", 4\,889 
119,"basic crop top", 4\,306 
120,"black halter crop top", 4\,997 
121,"summer crop tops", 34\,362 
122,"halter tank top", 21\,129 
123,"white tank top", 329\,947 
124,"red lace crop top", 3\,180 
125,"halter top shirts", 25\,881 
126,"tight crop top", 2\,360 
127,"white halter crop top", 3\,930 
128,"silver crop top", 814 
129,"tank top womens", 774\,455 
130,"yellow tank top", 49\,405 
131,"light blue crop top", 2\,574 
132,"triangle bralette", 1\,566 
133,"buy crop tops online", 126 
134,"black crop top long sleeve", 9\,871 
135,"crop top bustier", 6\,276 
136,"black crop top tank", 22\,506 
137,"crop top black", 60\,198 
138,"lace crop top and skirt", 1\,754 
139,"ladies tank tops", 1\,758\,890 
140,"light pink crop top", 1\,548 
141,"red long sleeve crop top", 4\,422 
142,"plain white crop top", 807 
143,"bralette sale", 375 
144,"lace long sleeve crop top", 5\,399 
145,"plain crop tops", 2\,689 
146,"ladies crop tops", 137\,484 
147,"best bralettes", 398 
148,"tie up crop top", 506 
149,"black tank top", 1\,263\,527 
150,"cropped tank top", 9\,665 
151,"american flag tank top", 9\,973 
152,"tan crop top", 603 
153,"crop top white", 49\,391 
154,"plus size lace bralette", 774 
155,"green tank top", 69\,547 
156,"mesh bralette", 1\,212 
157,"fitted crop top", 12\,055 
158,"criss cross crop top", 951 
159,"white bustier crop top", 2\,760 
160,"white crop", 54\,734 
161,"white crop top long sleeve", 6\,631 
162,"maroon bralette", 57 
163,"purple tank top", 59\,714 
164,"button up crop top", 3\,640 
165,"strappy front bralette", 310 
166,"girls crop tops", 32\,680 
167,"red and white striped crop top", 53 
168,"corset crop top", 2\,315 
169,"white turtleneck crop top", 244 
170,"lace crop top long sleeve", 5\,399 
171,"lace white crop top", 8\,017 
172,"printed crop tops", 15\,979 
173,"bralettes for dd", 468 
174,"white crop top tank", 18\,729 
175,"crop top t shirt", 58\,318 
176,"plain black crop top", 1\,304 
177,"short crop tops", 21\,104 
178,"off the shoulder black crop top", 8\,025 
179,"suede crop top", 344 
180,"layering tank tops", 5\,128 
181,"low cut tank tops", 4\,734 
182,"underwire bralette", 1\,742 
183,"sheer crop top", 3\,318 
184,"lace bra top", 18\,573 
185,"jean crop top", 6\,942 
186,"best crop tops", 8\,441 
187,"bralette crop top", 5\,180 
188,"where to buy crop tops", 89 
189,"neon crop top", 1\,969 
190,"cut out crop top", 4\,208 
191,"black lace bra", 22\,998 
192,"crop top lace", 23\,677 
193,"black crop", 81\,887 
194,"crop lace top", 23\,659 
195,"crop top long sleeve", 25\,424 
196,"lace bustier crop top", 2\,457 
197,"cream lace crop top", 831 
198,"lace black crop top", 10\,040 
199,"crop top turtleneck", 834 
200,"strappy tank top", 4\,708 
201,"crop top tank top", 49\,625 
202,"crop tops for sale", 9\,509 
203,"pink lace crop top", 2\,876 
204,"crop top with sleeves", 26\,298 
205,"bandeau crop top", 1\,099 
206,"cheap tank tops", 46\,212 
207,"full sleeve crop top", 926 
208,"white lace tank top", 14\,330 
209,"crop top sweatshirt", 21\,706 
210,"brown tank top", 19\,066 
211,"summer tank tops", 172\,125 
212,"striped tank top", 10\,788 
213,"embellished crop top", 362 
214,"cropped halter top", 2\,710 
215,"off the shoulder white crop top", 6\,839 
216,"boxy crop top", 4\,777 
217,"floral tank top", 25\,935 
218,"crop top blouse", 45\,442 
219,"lace up tank top", 4\,438 
220,"white short sleeve crop top", 8\,258 
221,"pretty crop tops", 873 
222,"black bralette crop top", 3\,141 
223,"lace bralette crop top", 2\,292 
224,"ribbed tank tops", 8\,818 
225,"loose fitting tank tops", 2\,471 
226,"black cami top", 264\,654 
227,"blue tank top", 154\,026 
228,"cropped white shirt", 12\,897 
229,"red lace bralette", 1\,191 
230,"black bustier crop top", 4\,306 
231,"bralette lingerie", 9\,914 
232,"white wrap crop top", 605 
233,"black short sleeve crop top", 8\,933 
234,"white t shirt crop top", 23\,265 
235,"leopard print crop top", 735 
236,"crop top with skirt", 9\,270 
237,"crop tops cheap", 7\,492 
238,"low cut crop top", 2\,061 
239,"red tank top", 120\,843 
240,"maroon tank top", 9\,801 
241,"navy blue tank top", 94\,604 
242,"padded lace bralette", 997 
243,"plunge crop top", 669 
244,"bralette black", 10\,279 
245,"flower crop top", 4\,004 
246,"plain tank tops", 7\,669 
247,"black strappy bralette", 1\,207 
248,"black bralette top", 6\,646 
249,"cool crop tops", 12\,349 
250,"crop tank", 45\,839 
251,"white strapless crop top", 1\,098 
252,"white tank crop top", 18\,586 
253,"black lace tank top", 16\,309 
254,"grey crop top", 22\,066 
255,"lingerie bralette", 9\,903 
256,"white lace long sleeve crop top", 1\,496 
257,"crop tops on sale", 5\,701 
258,"buy crop tops", 10\,765 
259,"long sleeve crop top black", 9\,852 
260,"lace triangle bralette", 1\,075 
261,"designer crop tops", 4\,019 
262,"long sleeve crop top white", 6\,699 
263,"ruffle crop top", 5\,155 
264,"caged crop top", 244 
265,"royal blue crop top", 2\,236 
266,"long sleeve turtleneck crop top", 350 
267,"pink long sleeve crop top", 3\,388 
268,"plus size bralette tops", 883 
269,"bralette with padding", 817 
270,"bralette victoria's secret", 790 
271,"fancy crop top", 918 
272,"bralette online", 393 
273,"wrap around crop top", 58 
274,"crop blouse", 45\,792 
275,"crop tee shirt", 92\,443 
276,"antique radio", 6\,421 
277,"white crop tee", 26\,754 
278,"halter top bralette", 1\,155 
279,"white crop shirt", 41\,889 
280,"muscle tops", 97\,495 
281,"tight white crop top", 617 
282,"pink lace bralette", 1\,561 
283,"crop top tank", 48\,242 
284,"burgundy bralette", 202 
285,"black turtleneck crop top", 375 
286,"crop tops women", 148\,395 
287,"white bralette top", 4\,506 
288,"halter top crop top", 11\,390 
289,"cropped black top", 11\,688 
290,"white crop t shirt", 24\,571 
291,"pink lace bra", 8\,802 
292,"fitted tank tops", 26\,931 
293,"tank crop top", 49\,621 
294,"cropped white top", 9\,290 
295,"purple bralette", 2\,431 
296,"lace crop top black", 10\,003 
297,"buy bralette", 526 
298,"red bustier top", 2\,404 
299,"blue lace crop top", 3\,558 
300,"crop top tee", 79\,840 
301,"white lace crop top and skirt", 510 
302,"white belly top", 4\,173 
303,"cropped bustier", 483 
304,"black belly top", 6\,268 
305,"white lace crop top long sleeve", 1\,507 
306,"crossover crop top", 169 
307,"lace crop top white", 8\,155 
308,"black tank crop top", 22\,713 
309,"black strapless crop top", 1\,214 
310,"white crop tank top", 18\,495 
311,"buy crop top", 10\,760 
312,"off white crop top", 7\,606 
313,"white bustier top", 4\,655 
314,"black leather crop top", 707 
315,"coral crop top", 2\,073 
316,"black crop tank top", 22\,707 
317,"white mesh crop top", 1\,202 
318,"midi top", 22\,144 
319,"cute white crop tops", 4\,878 
320,"black lace up crop top", 1\,701 
321,"tie crop top", 2\,724 
322,"sweater crop top", 15\,816 
323,"black halter bralette", 872 
324,"crop wrap top", 2\,336 
325,"basic white crop top", 1\,808 
326,"red striped crop top", 669 
327,"halter neck bralette", 527 
328,"crop top bralette", 5\,181 
329,"wrap front crop top", 937 
330,"bralette with underwire", 1\,731 
331,"white ribbed crop top", 724 
332,"lined bralette", 598 
333,"baggy crop top", 1\,106 
334,"dark blue crop top", 1\,491 
335,"plaid crop top", 2\,445 
336,"black lace long sleeve crop top", 1\,935 
337,"white tank top womens", 127\,808 
338,"black lace crop top long sleeve", 1\,932 
339,"navy bralette", 414 
340,"cute black crop tops", 5\,116 
341,"cropped long sleeve top", 2\,637 
342,"white bandeau crop top", 409 
343,"fashion crop tops", 139\,708 
344,"teal tank top", 6\,461 
345,"grey long sleeve crop top", 5\,179 
346,"long sleeve red crop top", 4\,422 
347,"white strappy crop top", 990 
348,"golden crop top", 1\,085 
349,"dd bralette", 468 
350,"black lace bralette top", 2\,871 
351,"lace bustier top", 4\,929 
352,"mauve crop top", 175 
353,"black t shirt crop top", 27\,203 
354,"cotton tank tops", 1\,480\,426 
355,"racerback crop top", 6\,194 
356,"tank tops", 2\,018\,555 
357,"black and gold crop top", 545 
358,"tunic tank tops", 35\,308 
359,"white crop top dress", 8\,863 
360,"shop bralettes", 14\,848 
361,"gold tank top", 43\,743 
362,"v neck tank top", 52\,328 
363,"white tank top crop top", 18\,719 
364,"strappy lace bralette", 807 
365,"turquoise tank top", 13\,038 
366,"crochet tank top", 5\,844 
367,"green bralette", 2\,438 
368,"halter shirt", 38\,732 
369,"crop tube top", 1\,258 
370,"womens black crop top", 57\,184 
371,"sheer lace bralette", 2\,192 
372,"red crop top long sleeve", 4\,431 
373,"blush crop top", 260 
374,"white ruffle crop top", 1\,574 
375,"shop crop tops", 139\,327 
376,"white crop blouse", 15\,008 
377,"white bralette crop top", 2\,164 
378,"black strappy crop top", 1\,960 
379,"black tank top womens", 281\,460 
380,"silver sequin crop top", 217 
381,"crop top shop", 133\,504 
382,"supportive bralette", 179 
383,"white crop top bustier", 1\,789 
384,"yellow long sleeve crop top", 1\,002 
385,"dressy tank tops", 5\,589 
386,"strappy black crop top", 1\,843 
387,"light blue tank top", 65\,831 
388,"khaki crop top", 2\,975 
389,"bralette with support", 2\,252 
390,"shirt crop top", 114\,354 
391,"black crop top short sleeve", 9\,903 
392,"white halter bralette", 575 
393,"white long sleeve lace crop top", 1\,506 
394,"bright pink crop top", 165 
395,"green long sleeve crop top", 2\,765 
396,"blue and white striped crop top", 74 
397,"blue bralette", 4\,189 
398,"black bustier top", 8\,964 
399,"cool tank tops", 64\,108 
400,"baggy vest tops", 1\,226 
401,"short tops for jeans", 19\,791 
402,"beige tank top", 17\,763 
403,"cropped white blouse", 856 
404,"black crop t shirt", 29\,835 
405,"sleeve crop top", 25\,955 
406,"womens bralette", 16\,892 
407,"white fitted crop top", 3\,407 
408,"grey halter top", 6\,101 
409,"crop top buy online", 117 
410,"long sleeve wrap crop top", 845 
411,"crop top sale", 9\,424 
412,"white off shoulder crop top", 6\,807 
413,"new crop tops", 12\,863 
414,"gold lace crop top", 391 
415,"white lace bustier crop top", 1\,201 
416,"dark grey crop top", 1\,731 
417,"black long sleeve lace crop top", 1\,935 
418,"bralettes on sale", 144 
419,"white lace up crop top", 1\,133 
420,"crop top corset", 2\,314 
421,"bra bralette", 14\,611 
422,"black crop tee", 31\,732 
423,"white sequin crop top", 610 
424,"black loose crop top", 7\,420 
425,"push up lace bralette", 1\,099 
426,"black crop top with sleeves", 9\,621 
427,"black full sleeve crop top", 387 
428,"vintage radios for sale", 711 
429,"blouse crop top", 45\,356 
430,"pretty bralettes", 224 
431,"high neck lace crop top", 2\,283 
432,"women's high neck tank top", 73\,390 
433,"extra long tank tops", 4\,787 
434,"triangle lace bralette", 1\,069 
435,"white halter tops", 15\,910 
436,"maroon long sleeve crop top", 76 
437,"bright crop tops", 566 
438,"crop top pink", 22\,488 
439,"grey turtleneck crop top", 177 
440,"white crop top with sleeves", 7\,630 
441,"colorful crop tops", 1\,742 
442,"padded bralette tops", 1\,242 
443,"grey halter crop top", 1\,050 
444,"lace bralette racerback", 639 
445,"crop top tank tops", 49\,619 
446,"purple long sleeve crop top", 1\,640 
447,"lace crop top bralette", 2\,681 
448,"bralette strappy", 2\,026 
449,"basic black crop top", 2\,016 
450,"white crop top tee", 24\,004 
451,"turtleneck tank top", 1\,225 
452,"crop top fashion", 145\,572 
453,"women's black tank top", 281\,359 
454,"tight black crop top", 964 
455,"grey bralette", 2\,848 
456,"teal crop top", 901 
457,"red bralette top", 2\,593 
458,"halter tops for sale", 4\,573 
459,"white tight crop top", 624 
460,"navy blue bralette", 299 
461,"cross crop top", 3\,100 
462,"cream bralette", 71 
463,"red halter crop top", 1\,403 
464,"black wrap crop top", 904 
465,"lace black bralette", 5\,026 
466,"cropped blouses", 2\,615 
467,"black crop top dress", 12\,455 
468,"antique radios for sale", 371 
469,"grey lace crop top", 1\,872 
470,"cropped off the shoulder top", 1\,347 
471,"white crop top shirt", 40\,039 
472,"yellow bralette", 532 
473,"strappy bralette top", 1\,373 
474,"black off shoulder crop top", 7\,991 
475,"halter lace bra", 3\,760 
476,"long sleeve white lace crop top", 1\,507 
477,"long flowy tank tops", 2\,332 
478,"white crop top lace", 8\,205 
479,"beautiful crop tops", 4\,510 
480,"tie front crop top", 955 
481,"spaghetti top", 32\,902 
482,"black tight crop top", 967 
483,"white lace halter bralette", 359 
484,"plain white tank tops", 2\,496 
485,"pink halter crop top", 1\,339 
486,"red tank top womens", 135\,300 
487,"tank t shirt", 1\,495\,658 
488,"crop tops for ladies", 141\,943 
489,"white tie crop top", 860 
490,"tank tops for sale", 58\,996 
491,"stretch lace bralette", 616 
492,"black crop shirt", 51\,281 
493,"sheer tank top", 13\,012 
494,"cross bralette", 797 
495,"lace bralette set", 1\,686 
496,"bow crop top", 2\,744 
497,"off the shoulder crop top long sleeve", 5\,211 
498,"simple crop tops", 2\,193 
499,"blue jean crop top", 2\,093 
500,"cropped vest top", 1\,762 
501,"tank top crop tops", 48\,347 
502,"high neck tank", 104\,387 
503,"latest crop tops", 640 
504,"cute lace bralettes", 409 
505,"oversized crop top", 2\,658 
506,"white loose crop top", 6\,569 
507,"long black tank top", 26\,923 
508,"short sleeve black crop top", 9\,905 
509,"tank tops online", 14\,647 
510,"shoulder crop top", 27\,974 
511,"lightly padded bralette", 95 
512,"xl bralette", 5\,560 
513,"bustier shirt", 5\,437 
514,"gray tank top", 70\,361 
515,"white button up crop top", 957 
516,"oversized tank top", 6\,729 
517,"orange tank top", 36\,992 
518,"dark green crop top", 254 
519,"yellow lace crop top", 886 
520,"athletic tank tops", 94\,622 
521,"purple lace bra", 5\,580 
522,"black cutout crop top", 2\,053 
523,"tank top shirt", 1\,706\,379 
524,"womens tank", 822\,314 
525,"cross front crop top", 740 
526,"womens lace crop top", 23\,025 
527,"long sleeve belly top", 814 
528,"womens short tops", 94\,496 
529,"neon tank tops", 21\,777 
530,"strappy black bralette", 1\,328 
531,"bralettes with padding", 814 
532,"xl crop tops", 56\,070 
533,"lounge bralette", 215 
534,"off the shoulder crop top white", 6\,834 
535,"hot crop tops", 3\,488 
536,"orange bralette", 473 
537,"women's long tank tops", 42\,970 
538,"lace push up bralette", 1\,100 
539,"lime green crop top", 128 
540,"vest crop top", 25\,871 
541,"bralette online shop", 379 
542,"floral lace bralette", 2\,950 
543,"cheetah crop top", 117 
544,"black tank top crop top", 21\,401 
545,"long sleeve black lace crop top", 1\,935 
546,"dark red crop top", 170 
547,"lace push up bra", 7\,560 
548,"womens white crop top", 42\,178 
549,"black fitted crop top", 4\,952 
550,"short sleeve white crop top", 7\,922 
551,"crop top full sleeve", 887 
552,"cute long sleeve crop tops", 2\,483 
553,"bralette for d cup", 738 
554,"cross front bralette", 208 
555,"sweetheart crop top", 389 
556,"old radios for sale", 837 
557,"burgundy lace bralette", 118 
558,"female tank tops", 477\,352 
559,"white vest crop top", 10\,035 
560,"crop top red", 22\,734 
561,"crop top stories", 268 
562,"tube top crop top", 1\,256 
563,"white floral crop top", 4\,325 
564,"bralette shop", 14\,816 
565,"fancy tank tops", 6\,161 
566,"off the shoulder long sleeve crop top", 5\,206 
567,"unique crop tops", 2\,647 
568,"cropped white tee", 9\,734 
569,"tight long sleeve crop top", 320 
570,"strapless bralette", 732 
571,"red and white crop top", 1\,008 
572,"cropped vest", 2\,689 
573,"baggy tank tops", 1\,887 
574,"strappy lace bra", 2\,206 
575,"cropped shirt blouse", 2\,268 
576,"longline lace bralette", 114 
577,"black vest crop top", 11\,802 
578,"dressy crop tops", 1\,863 
579,"all white crop top", 2\,322 
580,"strapless tank top", 5\,808 
581,"white midriff top", 1\,920 
582,"black crop top shirt", 48\,255 
583,"black crop top lace", 10\,029 
584,"front strap bralette", 830 
585,"light purple crop top", 1\,019 
586,"bralettes for sale", 448 
587,"black midriff top", 3\,225 
588,"long sleeve lace crop top white", 1\,487 
589,"red crop top bustier", 647 
590,"bustier tank top", 4\,692 
591,"white and black crop top", 4\,596 
592,"strapless white crop top", 1\,096 
593,"turtleneck crop top long sleeve", 351 
594,"red and white striped tank top", 218 
595,"white racerback tank top", 35\,862 
596,"tight fitted crop tops", 299 
597,"white lace bralette top", 1\,940 
598,"womens singlet tops", 1\,540 
599,"purple lace crop top", 1\,183 
600,"silver tank top", 10\,655 
601,"the bralette", 17\,312 
602,"green lace crop top", 1\,735 
603,"lace back bralette", 1\,431 
604,"white crochet crop top", 1\,539 
605,"blank tank tops", 3\,229 
606,"t back tank top", 910 
607,"bralette crop top bustier", 2\,692 
608,"gold long sleeve crop top", 239 
609,"black floral crop top", 4\,762 
610,"buy tank tops", 40\,117 
611,"best tank tops", 583\,771 
612,"white crop top t shirt", 23\,185 
613,"tight tank top", 9\,917 
614,"front strappy bralette", 307 
615,"strapless black crop top", 1\,222 
616,"unlined bralette", 678 
617,"wrap top crop", 2\,343 
618,"denim crop shirt", 1\,130 
619,"crop top and shorts", 21\,103 
620,"padded halter bralette", 260 
621,"triangle crop top", 1\,332 
622,"red white and blue crop top", 204 
623,"crop top off the shoulder", 17\,532 
624,"neon green crop top", 351 
625,"white strappy bralette", 592 
626,"white crop top short sleeve", 7\,903 
627,"black lace bralette crop top", 1\,552 
628,"lace bralette bra", 7\,321 
629,"colorful crop top", 1\,772 
630,"lace crop top with sleeves", 5\,917 
631,"white crop top off the shoulder", 6\,810 
632,"black belly tops", 6\,218 
633,"swim tank top", 10\,955 
634,"cropped corset", 184 
635,"halter neck tank top", 7\,330 
636,"women's white crop top", 44\,331 
637,"crop tops and bralets", 952 
638,"t back bralette", 138 
639,"front criss cross bralette", 117 
640,"orange long sleeve crop top", 634 
641,"white lace bustier top", 1\,962 
642,"bralette white", 6\,249 
643,"white baggy crop top", 215 
644,"cute tank tops for summer", 25\,480 
645,"crop top formal", 1\,793 
646,"floral crop top bustier", 1\,261 
647,"lightly lined bralette", 97 
648,"long sleeve fitted crop top", 1\,898 
649,"long sleeve yellow crop top", 1\,014 
650,"crop tops for juniors", 21\,081 
651,"white corset crop top", 720 
652,"long sleeve tight crop top", 320 
653,"white singlet top", 2\,031 
654,"tie around crop top", 53 
655,"navy tank top", 110\,877 
656,"plain tank tops womens", 5\,009 
657,"long bralette", 595 
658,"white lace bralette crop top", 1\,338 
659,"cute tanks", 165\,665 
660,"black mesh crop top", 2\,402 
661,"long lace tank top", 7\,568 
662,"crop top white dress", 8\,866 
663,"short top designs", 45\,907 
664,"top crop", 163\,988 
665,"tube radio", 13\,460 
666,"crop top tee shirt", 74\,455 
667,"dark purple crop top", 106 
668,"front cross bralette", 208 
669,"red sequin crop top", 418 
670,"burgundy tank top", 2\,431 
671,"black halter tank top", 9\,019 
672,"loose white tank top", 66\,615 
673,"black sequin crop top", 1\,002 
674,"off shoulder black crop top", 8\,009 
675,"white plain crop top", 820 
676,"white and black striped crop top", 173 
677,"multi colored crop top", 178 
678,"white cut out crop top", 1\,251 
679,"belly top shirts", 6\,415 
680,"xs crop tops", 24\,489 
681,"green crop top long sleeve", 2\,757 
682,"bralette lace bras", 7\,328 
